PRODUCTO,CIUDAD,CANAL, VENTAS AÑO 2022 , VENTAS AÑO 2023 
CHOCOLATINAS JET,Cali,Autoservicios, 2.500.000 , 1.050.000 
GALLETAS  FESTIVAL,Cali,Autoservicios, 3.500.000 , 7.500.000 
PONQUE BAMBINO,Cali,Distribuidores, 5.500.000 , 6.500.000 
GASEOSA  CARIBE,Cali,Tiendas, 1.050.000 , 1.448.520 
PONY MALTA LATA,Cali,Mayoristas, 7.500.000 , 13.880.000 
CHOCORAMO PEQ.,Cali,Tiendas, 6.500.000 , 10.050.000 
DULCES  LA ESPECIAL,Cali,Distribuidores, 1.448.520 , 15.540.000 
COMPOTAS  HEINZ,Cali,Autoservicios, 1.805.100 , 16.558.100 
ENSURE LATA,Cali,Mayoristas, 1.584.100 , 13.580.000 

