PRODUCTO,CIUDAD,CANAL, VENTAS AÑO 2022 , VENTAS AÑO 2023 
CHOCOLATINAS JET,Medellin,Tiendas, 9.500.000 , 8.500.000 
GALLETAS  FESTIVAL,Medellin,Autoservicios, 13.500.000 , 1.278.100 
PONQUE BAMBINO,Medellin,Distribuidores, 6.500.000 , 3.500.000 
GASEOSA  CARIBE,Medellin,Mayoristas, 13.500.000 , 12.781.000 
PONY MALTA LATA,Medellin,Autoservicios, 10.850.000 , 13.880.000 
CHOCORAMO PEQ.,Medellin,Distribuidores, 12.820.000 , 10.050.000 
DULCES  LA ESPECIAL,Medellin,Mayoristas, 5.500.000 , 6.500.000 
COMPOTAS  HEINZ,Medellin,Autoservicios, 1.050.000 , 1.448.520 
ENSURE LATA,Medellin,Distribuidores, 7.500.000 , 13.880.000 
