PRODUCTO,CIUDAD,CANAL, VENTAS AÑO 2022 , VENTAS AÑO 2023 
CHOCOLATINAS JET,Barranquilla,Distribuidores, 6.780.000 , 8.500.000 
GALLETAS  FESTIVAL,Barranquilla,Autoservicios, 1.350.000 , 1.500.000 
PONQUE BAMBINO,Barranquilla,Tiendas, 10.850.000 , 13.880.000 
GASEOSA  CARIBE,Barranquilla,Tiendas, 13.500.000 , 12.781.000 
PONY MALTA LATA,Barranquilla,Mayoristas, 5.500.000 , 6.500.000 
CHOCORAMO PEQ.,Barranquilla,Autoservicios, 1.050.000 , 1.448.520 
DULCES  LA ESPECIAL,Barranquilla,Distribuidores, 7.500.000 , 13.880.000 
COMPOTAS  HEINZ,Barranquilla,Tiendas, 1.805.100 , 1.655.810 
ENSURE LATA,Barranquilla,Mayoristas, 1.584.100 , 1.358.000 
