PRODUCTO,CIUDAD,CANAL, VENTAS AÑO 2022 , VENTAS AÑO 2023 
CHOCOLATINAS JET,Bogota,Tiendas, 12.500.000 , 8.005.200 
GALLETAS  FESTIVAL,Bogota,Mayoristas, 10.500.000 , 9.500.000 
PONQUE BAMBINO,Bogota,Distribuidores, 9.500.000 , 8.500.000 
GASEOSA  CARIBE,Bogota,Autoservicios, 13.500.000 , 12.781.000 
PONY MALTA LATA,Bogota,Mayoristas, 10.850.000 , 13.880.000 
CHOCORAMO PEQ.,Bogota,Autoservicios, 12.820.000 , 10.050.000 
DULCES  LA ESPECIAL,Bogota,Autoservicios, 14.485.200 , 15.540.000 
COMPOTAS  HEINZ,Bogota,Mayoristas, 18.051.000 , 16.558.100 
ENSURE LATA,Bogota,Autoservicios, 15.841.000 , 13.580.000 
