PRODUCTO,CIUDAD,CANAL, VENTAS AÑO 2022 , VENTAS AÑO 2023 
CHOCOLATINAS JET,Cartagena,Autoservicios, 12.820.000 , 10.050.000 
GALLETAS  FESTIVAL,Cartagena,Distribuidores, 14.485.200 , 15.540.000 
PONQUE BAMBINO,Cartagena,Mayoristas, 18.051.000 , 16.558.100 
GASEOSA  CARIBE,Cartagena,Autoservicios, 5.500.000 , 6.500.000 
PONY MALTA LATA,Cartagena,Tiendas, 1.050.000 , 1.448.520 
CHOCORAMO PEQ.,Cartagena,Tiendas, 7.500.000 , 13.880.000 
DULCES  LA ESPECIAL,Cartagena,Mayoristas, 6.780.000 , 8.500.000 
COMPOTAS  HEINZ,Cartagena,Autoservicios, 1.350.000 , 1.500.000 
ENSURE LATA,Cartagena,Distribuidores, 10.850.000 , 13.880.000 
