ID,NOMBRE,APELLIDO,ZONA, DEVOLUCIONES A O 2022 , DEVOLUCIONES A O 2023
100,jorge,morales,Bogot , 1.500.000 , 2.500.000
101,nicilas,millan,Medellin, 2.500.000 , 2.000.000
102,pablo,perez,Barranquilla, 3.500.000 , 2.500.000
103,camilo,gomez,Bogot , 3.250.000 , 3.540.000
104,lorna,toro,Medellin, 3.400.000 , 2.500.000
105,carlos,torres,Cali, 4.320.000 , 4.050.000
106,mario,delfin,Barranquilla, 2.500.000 , 5.200.000
107,leidy,robles,Cali, 3.780.000 , 2.500.000
108,pedro,castro,Medellin, 4.200.000 , 3.480.000
