Codigo,Producto,Categoria,Precio
116,Telefono de oficina,Electronica,40000
117,Calculadora cientifica,Electronica,25000
118,Aislante de cables,Accesorios,3000
119,Bandeja organizadora,Muebles,10000
120,Archivador metalico,Muebles,45000
121,Pizarra magnetica,Muebles,50000
122,Silla visitante,Muebles,65000
123,Cinta adhesiva,Consumibles,2000
124,Carpetas de archivo,Consumibles,8000
125,Proyector de diapositivas,Electronica,180000
126,Cortadora de papel,Accesorios,20000
127,Borrador de pizarra,Accesorios,1500
128,Clip de oficina,Accesorios,1200
129,Silla de descanso,Muebles,120000
130,Mochila para laptop,Accesorios,40000
131,Lapiz negro,Papeleria,1300
132,Borrador de nata,Papeleria,1000
