Codigo,Ciudad,Cantidad
121,Bogota,223
117,Cali,303
125,Medellin,48
128,Barranquilla,90
125,Cartagena,220
121,Bucaramanga,140
125,Santa Marta,153
124,Pasto,141
121,Medellin,72
116,Barranquilla,310
123,Cartagena,275
126,Medellin,87
117,Barranquilla,185
124,Cartagena,263
123,Bogota,341
120,Cali,273
122,Barranquilla,126
122,Cartagena,78
130,Bucaramanga,113
116,Santa Marta,292
129,Pasto,286
123,Medellin,58
128,Bogota,240
126,Cali,310
119,Medellin,94
129,Barranquilla,111
126,Cartagena,231
119,Bucaramanga,256
118,Santa Marta,341
124,Pasto,327
117,Medellin,171
123,Barranquilla,186
117,Cartagena,265
124,Medellin,177
119,Cartagena,146
116,Medellin,123
130,Barranquilla,303
116,Cartagena,128
125,Bogota,232
117,Cali,139
117,Barranquilla,230
122,Cartagena,195
121,Bucaramanga,58
116,Medellin,214
126,Bogota,263
122,Cali,220
130,Medellin,136
119,Barranquilla,157
126,Cartagena,186
122,Bucaramanga,313
