ID,NOMBRE,APELLIDO,ZONA, VENTAS A O 2022 , VENTAS A O 2023 
100,jorge,morales,Bogot , 12.500.000 , 8.005.200 
101,nicolas,millan,Medellin, 10.500.000 , 9.500.000 
102,pablo,perez,Barranquilla, 9.500.000 , 8.500.000 
103,camilo,gomez,Bogot , 13.500.000 , 12.781.000 
104,lorna,toro,Medellin, 10.850.000 , 13.880.000 
105,carlos,torres,Cali, 12.820.000 , 10.050.000 
106,mario,delfin,Barranquilla, 14.485.200 , 15.540.000 
107,leidy,robles,Cali, 18.051.000 , 16.558.100 
108,pedro,castro,Medellin, 15.841.000 , 13.580.000 
